法令,項,号,ファイル名
令第19条,第2項,,A19_P2_kijo.json
令第20条,第1項,,A20_P1_kijo.json
令第20条,第2項,第1号,A20_P2_I1_kijo.json
令第20条の2,第1項,,A20_2_P1_kijo.json
令第20条の3,第1項,,A20_3_P1_kijo.json
令第20条の3,第2項,,A20_3_P2_kijo.json
令第20条の3,第2項,第1号,A20_3_P2_I1_kijo.json
令第20条の3,第2項,第3号,A20_3_P2_I3_kijo.json
令第20条の8,第1項,第2号,A20_8_P1_I2_kijo.json
令第20条の8,第2項,,A20_8_P2_kijo.json
令第21条,第1項,,A21_P1_kijo.json
令第21条,第2項,,A21_P2_kijo.json
令第22条,第1項,,A22_P1_kijo.json
令第22条の2,第1項,,A22_2_P1_kijo.json
令第23条,第1項,,A23_P1_kijo.json
令第23条,第2項,,A23_P2_kijo.json
令第24条,第1項,,A24_P1_kijo.json
令第24条,第2項,,A24_P2_kijo.json
令第25条,第1項,,A25_P1_kijo.json
令第25条,第2項,,A25_P2_kijo.json
令第25条,第3項,,A25_P3_kijo.json
令第26条,第1項,,A26_P1_kijo.json
令第28条,第1項,,A28_P1_kijo.json
令第29条,第1項,,A29_P1_kijo.json
令第30条,第1項,,A30_P1_kijo.json
令第30条,第2項,,A30_P2_kijo.json
令第31条,第1項,,A31_P1_kijo.json
令第31条,第1項,第2号,A31_P1_I2_kijo.json
令第31条,第1項,第4号,A31_P1_I4_kijo.json
令第33条,第1項,,A33_P1_kijo.json
令第34条,第1項,,A34_P1_kijo.json
令第35条,第1項,,A35_P1_kijo.json
令第36条の3,第1項,,A36_3_P1_kijo.json
令第36条の3,第2項,,A36_3_P2_kijo.json
令第36条の3,第3項,,A36_3_P3_kijo.json
令第37条,第1項,,A37_P1_kijo.json
令第38条,第1項,,A38_P1_kijo.json
令第38条,第2項,,A38_P2_kijo.json
令第38条,第3項,,A38_P3_kijo.json
令第38条,第5項,,A38_P5_kijo.json
令第38条,第6項,,A38_P6_kijo.json
令第39条,第1項,,A39_P1_kijo.json
令第39条,第2項,,A39_P2_kijo.json
令第39条,第3項,,A39_P3_kijo.json
令第39条,第4項,,A39_P4_kijo.json
令第41条,第1項,,A41_P1_kijo.json
令第42条,第1項,,A42_P1_kijo.json
令第42条,第2項,,A42_P2_kijo.json
令第43条,第1項,,A43_P1_kijo.json
令第43条,第3項,,A43_P3_kijo.json
令第43条,第4項,,A43_P4_kijo.json
令第43条,第5項,,A43_P5_kijo.json
令第43条,第6項,,A43_P6_kijo.json
令第44条,第1項,,A44_P1_kijo.json
令第45条,第1項,,A45_P1_kijo.json
令第45条,第2項,,A45_P2_kijo.json
令第45条,第3項,,A45_P3_kijo.json
令第45条,第4項,,A45_P4_kijo.json
令第46条,第1項,,A46_P1_kijo.json
令第46条,第3項,,A46_P3_kijo.json
令第46条,第4項,,A46_P4_kijo.json
令第47条,第1項,,A47_P1_kijo.json
令第47条,第2項,,A47_P2_kijo.json
令第49条,第1項,,A49_P1_kijo.json
令第49条,第2項,,A49_P2_kijo.json
令第52条,第1項,,A52_P1_kijo.json
令第52条,第2項,,A52_P2_kijo.json
令第52条,第3項,,A52_P3_kijo.json
令第52条,第4項,,A52_P4_kijo.json
令第54条,第1項,,A54_P1_kijo.json
令第55条,第1項,,A55_P1_kijo.json
令第55条,第2項,,A55_P2_kijo.json
令第55条,第3項,,A55_P3_kijo.json
令第55条,第5項,,A55_P5_kijo.json
令第56条,第1項,,A56_P1_kijo.json
令第57条,第1項,,A57_P1_kijo.json
令第57条,第2項,,A57_P2_kijo.json
令第57条,第3項,,A57_P3_kijo.json
令第57条,第4項,,A57_P4_kijo.json
令第57条,第5項,,A57_P5_kijo.json
令第58条,第1項,,A58_P1_kijo.json
令第59条,第1項,,A59_P1_kijo.json
令第59条の2,第1項,,A59_2_P1_kijo.json
令第60条,第1項,,A60_P1_kijo.json
令第61条,第1項,,A61_P1_kijo.json
令第62条の4,第1項,,A62_4_P1_kijo.json
令第62条の4,第2項,,A62_4_P2_kijo.json
令第62条の4,第3項,,A62_4_P3_kijo.json
令第62条の4,第4項,,A62_4_P4_kijo.json
令第62条の4,第5項,,A62_4_P5_kijo.json
令第62条の4,第6項,,A62_4_P6_kijo.json
令第62条の5,第1項,,A62_5_P1_kijo.json
令第62条の5,第2項,,A62_5_P2_kijo.json
令第62条の6,第1項,,A62_6_P1_kijo.json
令第62条の7,第1項,,A62_7_P1_kijo.json
令第62条の8,第1項,,A62_8_P1_kijo.json
令第64条,第1項,,A64_P1_kijo.json
令第64条,第2項,,A64_P2_kijo.json
令第65条,第1項,,A65_P1_kijo.json
令第66条,第1項,,A66_P1_kijo.json
令第67条,第1項,,A67_P1_kijo.json
令第67条,第2項,,A67_P2_kijo.json
令第68条,第1項,,A68_P1_kijo.json
令第68条,第2項,,A68_P2_kijo.json
令第68条,第4項,,A68_P4_kijo.json
令第68条,第5項,,A68_P5_kijo.json
令第69条,第1項,,A69_P1_kijo.json
令第70条,第1項,,A70_P1_kijo.json
令第72条,第1項,,A72_P1_kijo.json
令第73条,第1項,,A73_P1_kijo.json
令第73条,第2項,,A73_P2_kijo.json
令第73条,第3項,,A73_P3_kijo.json
令第74条,第1項,,A74_P1_kijo.json
令第74条,第2項,,A74_P2_kijo.json
令第74条,第3項,,A74_P3_kijo.json
令第75条,第1項,,A75_P1_kijo.json
令第76条,第1項,,A76_P1_kijo.json
令第77条,第1項,,A77_P1_kijo.json
令第77条の2,第1項,,A77_2_P1_kijo.json
令第77条の2,第2項,,A77_2_P2_kijo.json
令第77条の2,第2項,第1号,A77_2_P2_I1_kijo.json
令第78条,第1項,,A78_P1_kijo.json
令第78条の2,第1項,,A78_2_P1_kijo.json
令第78条の2,第1項,第3号,A78_2_P1_I3_kijo.json
令第78条の2,第1項,第4号,A78_2_P1_I4_kijo.json
令第78条の2,第2項,,A78_2_P2_kijo.json
令第79条,第1項,,A79_P1_kijo.json
令第79条の3,第1項,,A79_3_P1_kijo.json
令第79条の4,第1項,,A79_4_P1_kijo.json
令第80条の2,第1項,,A80_2_P1_kijo.json
令第80条の3,第1項,,A80_3_P1_kijo.json
令第82条の2,第1項,,A82_2_P1_kijo.json
令第82条の3,第1項,,A82_3_P1_kijo.json
令第82条の4,第1項,,A82_4_P1_kijo.json
令第83条,第1項,,A83_P1_kijo.json
令第83条,第2項,,A83_P2_kijo.json
令第84条,第1項,,A84_P1_kijo.json
令第85条,第1項,,A85_P1_kijo.json
令第85条,第3項,,A85_P3_kijo.json
令第86条,第1項,,A86_P1_kijo.json
令第86条,第2項,,A86_P2_kijo.json
令第86条,第3項,,A86_P3_kijo.json
令第86条,第4項,,A86_P4_kijo.json
令第86条,第5項,,A86_P5_kijo.json
令第86条,第6項,,A86_P6_kijo.json
令第86条,第7項,,A86_P7_kijo.json
令第87条,第1項,,A87_P1_kijo.json
令第87条,第2項,,A87_P2_kijo.json
令第87条,第4項,,A87_P4_kijo.json
令第88条,第1項,,A88_P1_kijo.json
令第88条,第2項,,A88_P2_kijo.json
令第88条,第3項,,A88_P3_kijo.json
令第88条,第4項,,A88_P4_kijo.json
令第89条,第1項,,A89_P1_kijo.json
令第89条,第2項,,A89_P2_kijo.json
令第89条,第3項,,A89_P3_kijo.json
令第90条,第1項,,A90_P1_kijo.json
令第91条,第1項,,A91_P1_kijo.json
令第92条,第1項,,A92_P1_kijo.json
令第92条の2,第1項,,A92_2_P1_kijo.json
令第92条の2,第2項,,A92_2_P2_kijo.json
令第93条,第1項,,A93_P1_kijo.json
令第94条,第1項,,A94_P1_kijo.json
令第95条,第1項,,A95_P1_kijo.json
令第96条,第1項,,A96_P1_kijo.json
令第97条,第1項,,A97_P1_kijo.json
令第98条,第1項,,A98_P1_kijo.json
令第99条,第1項,,A99_P1_kijo.json
令第107条,第1項,,A107_P1_kijo.json
令第107条の2,第1項,,A107_2_P1_kijo.json
令第108条,第1項,,A108_P1_kijo.json
令第108条の3,第1項,第2号,A108_3_P1_I2_kijo.json
令第109条の2の2,第1項,,A109_2_2_P1_kijo.json
令第109条の3,第1項,,A109_3_P1_kijo.json
令第109条の5,第1項,,A109_5_P1_kijo.json
令第109条の7,第1項,,A109_7_P1_kijo.json
令第109条の7,第1項,第1号,A109_7_P1_I1_kijo.json
令第109条の10,第1項,,A109_10_P1_kijo.json
令第110条,第1項,,A110_P1_kijo.json
令第110条の2,第1項,,A110_2_P1_kijo.json
令第110条の5,第1項,,A110_5_P1_kijo.json
令第111条,第1項,第2号,A111_P1_I2_kijo.json
令第111条,第2項,,A111_P2_kijo.json
令第112条,第1項,,A112_P1_kijo.json
令第112条,第4項,,A112_P4_kijo.json
令第112条,第4項,第1号,A112_P4_I1_kijo.json
令第112条,第5項,,A112_P5_kijo.json
令第112条,第7項,,A112_P7_kijo.json
令第112条,第11項,,A112_P11_kijo.json
令第112条,第12項,,A112_P12_kijo.json
令第112条,第13項,,A112_P13_kijo.json
令第112条,第14項,第2号,A112_P14_I2_kijo.json
令第112条,第16項,,A112_P16_kijo.json
令第112条,第17項,,A112_P17_kijo.json
令第112条,第18項,,A112_P18_kijo.json
令第112条,第19項,,A112_P19_kijo.json
令第112条,第20項,,A112_P20_kijo.json
令第112条,第21項,,A112_P21_kijo.json
令第113条,第1項,,A113_P1_kijo.json
令第113条,第1項,第2号,A113_P1_I2_kijo.json
令第113条,第1項,第3号,A113_P1_I3_kijo.json
令第114条,第1項,,A114_P1_kijo.json
令第114条,第2項,,A114_P2_kijo.json
令第114条,第3項,,A114_P3_kijo.json
令第114条,第4項,,A114_P4_kijo.json
令第114条,第5項,,A114_P5_kijo.json
令第115条,第1項,,A115_P1_kijo.json
令第115条,第1項,第3号,A115_P1_I3_kijo.json
令第115条,第1項,第7号,A115_P1_I7_kijo.json
令第115条の2,第1項,第8号,A115_2_P1_I8_kijo.json
令第115条の3,第1項,,A115_3_P1_kijo.json
令第116条,第1項,,A116_P1_kijo.json
令第116条の2,第1項,第2号,A116_2_P1_I2_kijo.json
令第116条の2,第2項,,A116_2_P2_kijo.json
令第118条,第1項,,A118_P1_kijo.json
令第119条,第1項,,A119_P1_kijo.json
令第120条,第1項,,A120_P1_kijo.json
令第121条,第1項,,A121_P1_kijo.json
令第121条,第3項,,A121_P3_kijo.json
令第121条の2,第1項,,A121_2_P1_kijo.json
令第122条,第1項,,A122_P1_kijo.json
令第122条,第2項,,A122_P2_kijo.json
令第122条,第3項,,A122_P3_kijo.json
令第123条,第1項,,A123_P1_kijo.json
令第123条,第1項,第6号,A123_P1_I6_kijo.json
令第123条,第2項,,A123_P2_kijo.json
令第123条,第3項,,A123_P3_kijo.json
令第124条,第1項,,A124_P1_kijo.json
令第125条,第1項,,A125_P1_kijo.json
令第125条,第2項,,A125_P2_kijo.json
令第125条,第3項,,A125_P3_kijo.json
令第125条の2,第1項,,A125_2_P1_kijo.json
令第126条,第1項,,A126_P1_kijo.json
令第126条,第2項,,A126_P2_kijo.json
令第126条の2,第1項,,A126_2_P1_kijo.json
令第126条の3,第1項,,A126_3_P1_kijo.json
令第126条の3,第1項,第3号,A126_3_P1_I3_kijo.json
令第126条の3,第1項,第9号,A126_3_P1_I9_kijo.json
令第126条の3,第1項,第11号,A126_3_P1_I11_kijo.json
令第126条の3,第1項,第12号,A126_3_P1_I12_kijo.json
令第126条の3,第2項,,A126_3_P2_kijo.json
令第126条の4,第1項,,A126_4_P1_kijo.json
令第126条の5,第1項,,A126_5_P1_kijo.json
令第126条の5,第1項,第2号,A126_5_P1_I2_kijo.json
令第126条の6,第1項,,A126_6_P1_kijo.json
令第126条の6,第1項,第2号,A126_6_P1_I2_kijo.json
令第126条の6,第1項,第3号,A126_6_P1_I3_kijo.json
令第126条の7,第1項,,A126_7_P1_kijo.json
令第128条,第1項,,A128_P1_kijo.json
令第128条の2,第1項,,A128_2_P1_kijo.json
令第128条の2,第2項,,A128_2_P2_kijo.json
令第128条の2,第3項,,A128_2_P3_kijo.json
令第128条の2,第4項,,A128_2_P4_kijo.json
令第128条の2,第5項,,A128_2_P5_kijo.json
令第128条の3,第1項,,A128_3_P1_kijo.json
令第128条の3,第2項,,A128_3_P2_kijo.json
令第128条の3,第3項,,A128_3_P3_kijo.json
令第128条の3,第4項,,A128_3_P4_kijo.json
令第128条の3,第5項,,A128_3_P5_kijo.json
令第128条の3,第6項,,A128_3_P6_kijo.json
令第128条の3の2,第1項,第1号,A128_3_2_P1_I1_kijo.json
令第128条の4,第1項,,A128_4_P1_kijo.json
令第128条の4,第2項,,A128_4_P2_kijo.json
令第128条の4,第3項,,A128_4_P3_kijo.json
令第128条の4,第4項,,A128_4_P4_kijo.json
令第128条の5,第1項,,A128_5_P1_kijo.json
令第128条の5,第2項,,A128_5_P2_kijo.json
令第128条の5,第3項,,A128_5_P3_kijo.json
令第128条の5,第4項,,A128_5_P4_kijo.json
令第128条の5,第5項,,A128_5_P5_kijo.json
令第128条の5,第6項,,A128_5_P6_kijo.json
令第128条の7,第2項,,A128_7_P2_kijo.json
令第129条,第2項,,A129_P2_kijo.json
令第129条の2の4,第1項,,A129_2_4_P1_kijo.json
令第129条の2の4,第1項,第7号,A129_2_4_P1_I7_kijo.json
令第129条の2の4,第2項,,A129_2_4_P2_kijo.json
令第129条の2の4,第3項,,A129_2_4_P3_kijo.json
令第129条の2の5,第1項,,A129_2_5_P1_kijo.json
令第129条の2の5,第2項,,A129_2_5_P2_kijo.json
令第129条の2の5,第3項,,A129_2_5_P3_kijo.json
令第129条の2の6,第1項,,A129_2_6_P1_kijo.json
令第129条の2の6,第1項,第1号,A129_2_6_P1_I1_kijo.json
令第129条の2の6,第1項,第2号,A129_2_6_P1_I2_kijo.json
令第129条の2の6,第1項,第3号,A129_2_6_P1_I3_kijo.json
令第129条の4,第1項,,A129_4_P1_kijo.json
令第129条の4,第3項,,A129_4_P3_kijo.json
令第129条の5,第1項,,A129_5_P1_kijo.json
令第129条の5,第2項,,A129_5_P2_kijo.json
令第129条の6,第1項,,A129_6_P1_kijo.json
令第129条の6,第1項,第1号,A129_6_P1_I1_kijo.json
令第129条の6,第1項,第4号,A129_6_P1_I4_kijo.json
令第129条の7,第1項,,A129_7_P1_kijo.json
令第129条の7,第1項,第3号,A129_7_P1_I3_kijo.json
令第129条の8,第1項,,A129_8_P1_kijo.json
令第129条の8,第2項,,A129_8_P2_kijo.json
令第129条の9,第1項,,A129_9_P1_kijo.json
令第129条の10,第1項,,A129_10_P1_kijo.json
令第129条の10,第2項,,A129_10_P2_kijo.json
令第129条の10,第3項,,A129_10_P3_kijo.json
令第129条の10,第3項,第3号,A129_10_P3_I3_kijo.json
令第129条の10,第4項,,A129_10_P4_kijo.json
令第129条の12,第1項,,A129_12_P1_kijo.json
令第129条の12,第1項,第6号,A129_12_P1_I6_kijo.json
令第129条の12,第2項,,A129_12_P2_kijo.json
令第129条の12,第3項,,A129_12_P3_kijo.json
令第129条の12,第4項,,A129_12_P4_kijo.json
令第129条の12,第5項,,A129_12_P5_kijo.json
令第129条の13,第1項,,A129_13_P1_kijo.json
令第129条の13の2,第1項,,A129_13_2_P1_kijo.json
令第129条の13の3,第1項,,A129_13_3_P1_kijo.json
令第129条の13の3,第2項,,A129_13_3_P2_kijo.json
令第129条の13の3,第3項,,A129_13_3_P3_kijo.json
令第129条の13の3,第3項,第8号,A129_13_3_P3_I8_kijo.json
令第129条の13の3,第3項,第9号,A129_13_3_P3_I9_kijo.json
令第129条の13の3,第4項,,A129_13_3_P4_kijo.json
令第129条の13の3,第5項,,A129_13_3_P5_kijo.json
令第129条の13の3,第6項,,A129_13_3_P6_kijo.json
令第129条の13の3,第7項,,A129_13_3_P7_kijo.json
令第129条の13の3,第8項,,A129_13_3_P8_kijo.json
令第129条の13の3,第9項,,A129_13_3_P9_kijo.json
令第129条の13の3,第10項,,A129_13_3_P10_kijo.json
令第129条の13の3,第11項,,A129_13_3_P11_kijo.json
令第129条の13の3,第12項,,A129_13_3_P12_kijo.json
令第129条の14,第1項,,A129_14_P1_kijo.json
令第129条の15,第1項,,A129_15_P1_kijo.json
令第130条,第2項,,A130_P2_kijo.json
令第130条の2,第1項,,A130_2_P1_kijo.json
令第130条の2,第2項,,A130_2_P2_kijo.json
令第130条の2,第3項,,A130_2_P3_kijo.json
令第130条の2の2,第1項,,A130_2_2_P1_kijo.json
令第130条の2の3,第1項,,A130_2_3_P1_kijo.json
令第130条の2の3,第2項,,A130_2_3_P2_kijo.json
令第130条の4,第1項,,A130_4_P1_kijo.json
令第130条の5,第1項,,A130_5_P1_kijo.json
令第130条の5の2,第1項,,A130_5_2_P1_kijo.json
令第130条の5の3,第1項,,A130_5_3_P1_kijo.json
令第130条の5の4,第1項,,A130_5_4_P1_kijo.json
令第130条の5の5,第1項,,A130_5_5_P1_kijo.json
令第130条の7,第1項,,A130_7_P1_kijo.json
令第130条の7の2,第1項,,A130_7_2_P1_kijo.json
令第130条の8,第1項,,A130_8_P1_kijo.json
令第130条の9の3,第1項,,A130_9_3_P1_kijo.json
令第130条の9の4,第1項,,A130_9_4_P1_kijo.json
令第130条の9の5,第1項,,A130_9_5_P1_kijo.json
令第130条の9の7,第1項,,A130_9_7_P1_kijo.json
令第130条の9の8,第1項,,A130_9_8_P1_kijo.json
令第130条の10,第1項,,A130_10_P1_kijo.json
令第130条の12,第1項,,A130_12_P1_kijo.json
令第135条の17,第2項,,A135_17_P2_kijo.json
令第135条の18,第1項,,A135_18_P1_kijo.json
令第135条の19,第1項,,A135_19_P1_kijo.json
令第135条の20,第2項,,A135_20_P2_kijo.json
令第135条の21,第1項,,A135_21_P1_kijo.json
令第136条,第1項,,A136_P1_kijo.json
令第136条,第2項,,A136_P2_kijo.json
令第136条の2,第1項,,A136_2_P1_kijo.json
令第136条の2の5,第1項,,A136_2_5_P1_kijo.json
令第136条の2の5,第1項,第15号,A136_2_5_P1_I15_kijo.json
令第136条の2の5,第1項,第16号,A136_2_5_P1_I16_kijo.json
令第136条の2の5,第6項,,A136_2_5_P6_kijo.json
令第136条の2の5,第7項,,A136_2_5_P7_kijo.json
令第136条の2の5,第8項,,A136_2_5_P8_kijo.json
令第136条の2の5,第9項,,A136_2_5_P9_kijo.json
令第136条の2の5,第10項,,A136_2_5_P10_kijo.json
令第136条の2の5,第11項,,A136_2_5_P11_kijo.json
令第136条の2の5,第12項,,A136_2_5_P12_kijo.json
令第136条の2の7,第1項,,A136_2_7_P1_kijo.json
令第136条の2の9,第1項,,A136_2_9_P1_kijo.json
令第136条の2の9,第2項,,A136_2_9_P2_kijo.json
令第136条の2の9,第3項,,A136_2_9_P3_kijo.json
令第136条の2の10,第1項,,A136_2_10_P1_kijo.json
令第136条の2の10,第2項,,A136_2_10_P2_kijo.json